{
  "hash": "46923626",
  "configHash": "7795914a",
  "lockfileHash": "73160d93",
  "browserHash": "8183e02f",
  "optimized": {
    "@angular/common": {
      "src": "../../../../../../node_modules/@angular/common/fesm2022/common.mjs",
      "file": "@angular_common.js",
      "fileHash": "e2cb526a",
      "needsInterop": false
    },
    "@angular/common/http": {
      "src": "../../../../../../node_modules/@angular/common/fesm2022/http.mjs",
      "file": "@angular_common_http.js",
      "fileHash": "0c47b212",
      "needsInterop": false
    },
    "@angular/common/locales/en": {
      "src": "../../../../../../node_modules/@angular/common/locales/en.mjs",
      "file": "@angular_common_locales_en.js",
      "fileHash": "cb686c0a",
      "needsInterop": false
    },
    "@angular/core": {
      "src": "../../../../../../node_modules/@angular/core/fesm2022/core.mjs",
      "file": "@angular_core.js",
      "fileHash": "f0e79f04",
      "needsInterop": false
    },
    "@angular/forms": {
      "src": "../../../../../../node_modules/@angular/forms/fesm2022/forms.mjs",
      "file": "@angular_forms.js",
      "fileHash": "2460fb73",
      "needsInterop": false
    },
    "@angular/platform-browser": {
      "src": "../../../../../../node_modules/@angular/platform-browser/fesm2022/platform-browser.mjs",
      "file": "@angular_platform-browser.js",
      "fileHash": "141152ae",
      "needsInterop": false
    },
    "@angular/platform-browser/animations/async": {
      "src": "../../../../../../node_modules/@angular/platform-browser/fesm2022/animations/async.mjs",
      "file": "@angular_platform-browser_animations_async.js",
      "fileHash": "0d6407a1",
      "needsInterop": false
    },
    "@angular/router": {
      "src": "../../../../../../node_modules/@angular/router/fesm2022/router.mjs",
      "file": "@angular_router.js",
      "fileHash": "447ec419",
      "needsInterop": false
    },
    "ng-zorro-antd/button": {
      "src": "../../../../../../node_modules/ng-zorro-antd/fesm2022/ng-zorro-antd-button.mjs",
      "file": "ng-zorro-antd_button.js",
      "fileHash": "1a0afcfd",
      "needsInterop": false
    },
    "ng-zorro-antd/checkbox": {
      "src": "../../../../../../node_modules/ng-zorro-antd/fesm2022/ng-zorro-antd-checkbox.mjs",
      "file": "ng-zorro-antd_checkbox.js",
      "fileHash": "dc9b6a97",
      "needsInterop": false
    },
    "ng-zorro-antd/core/transition-patch": {
      "src": "../../../../../../node_modules/ng-zorro-antd/fesm2022/ng-zorro-antd-core-transition-patch.mjs",
      "file": "ng-zorro-antd_core_transition-patch.js",
      "fileHash": "b363b703",
      "needsInterop": false
    },
    "ng-zorro-antd/core/wave": {
      "src": "../../../../../../node_modules/ng-zorro-antd/fesm2022/ng-zorro-antd-core-wave.mjs",
      "file": "ng-zorro-antd_core_wave.js",
      "fileHash": "a83e0f65",
      "needsInterop": false
    },
    "ng-zorro-antd/form": {
      "src": "../../../../../../node_modules/ng-zorro-antd/fesm2022/ng-zorro-antd-form.mjs",
      "file": "ng-zorro-antd_form.js",
      "fileHash": "ce424e73",
      "needsInterop": false
    },
    "ng-zorro-antd/grid": {
      "src": "../../../../../../node_modules/ng-zorro-antd/fesm2022/ng-zorro-antd-grid.mjs",
      "file": "ng-zorro-antd_grid.js",
      "fileHash": "0ac70ddf",
      "needsInterop": false
    },
    "ng-zorro-antd/i18n": {
      "src": "../../../../../../node_modules/ng-zorro-antd/fesm2022/ng-zorro-antd-i18n.mjs",
      "file": "ng-zorro-antd_i18n.js",
      "fileHash": "cbe5f6ad",
      "needsInterop": false
    },
    "ng-zorro-antd/input": {
      "src": "../../../../../../node_modules/ng-zorro-antd/fesm2022/ng-zorro-antd-input.mjs",
      "file": "ng-zorro-antd_input.js",
      "fileHash": "919b71c7",
      "needsInterop": false
    },
    "ng-zorro-antd/layout": {
      "src": "../../../../../../node_modules/ng-zorro-antd/fesm2022/ng-zorro-antd-layout.mjs",
      "file": "ng-zorro-antd_layout.js",
      "fileHash": "6ffe3143",
      "needsInterop": false
    },
    "rxjs": {
      "src": "../../../../../../node_modules/rxjs/dist/esm5/index.js",
      "file": "rxjs.js",
      "fileHash": "772495ab",
      "needsInterop": false
    },
    "rxjs/operators": {
      "src": "../../../../../../node_modules/rxjs/dist/esm5/operators/index.js",
      "file": "rxjs_operators.js",
      "fileHash": "d4386f61",
      "needsInterop": false
    },
    "ng-zorro-antd/select": {
      "src": "../../../../../../node_modules/ng-zorro-antd/fesm2022/ng-zorro-antd-select.mjs",
      "file": "ng-zorro-antd_select.js",
      "fileHash": "be1ddd4f",
      "needsInterop": false
    },
    "ng-zorro-antd/alert": {
      "src": "../../../../../../node_modules/ng-zorro-antd/fesm2022/ng-zorro-antd-alert.mjs",
      "file": "ng-zorro-antd_alert.js",
      "fileHash": "f354abae",
      "needsInterop": false
    },
    "crypto-js": {
      "src": "../../../../../../node_modules/crypto-js/index.js",
      "file": "crypto-js.js",
      "fileHash": "2887f55a",
      "needsInterop": true
    }
  },
  "chunks": {
    "browser-RDEMF7MF": {
      "file": "browser-RDEMF7MF.js"
    },
    "chunk-B46LUYXU": {
      "file": "chunk-B46LUYXU.js"
    },
    "chunk-TORUDNMT": {
      "file": "chunk-TORUDNMT.js"
    },
    "chunk-HNKS2NCL": {
      "file": "chunk-HNKS2NCL.js"
    },
    "chunk-RTTQF37S": {
      "file": "chunk-RTTQF37S.js"
    },
    "chunk-P6KXVBDY": {
      "file": "chunk-P6KXVBDY.js"
    },
    "chunk-PHCNRG7G": {
      "file": "chunk-PHCNRG7G.js"
    },
    "chunk-ZOUR7KV5": {
      "file": "chunk-ZOUR7KV5.js"
    },
    "chunk-EGDBXXZX": {
      "file": "chunk-EGDBXXZX.js"
    },
    "chunk-B25ECA33": {
      "file": "chunk-B25ECA33.js"
    },
    "chunk-BNRPRLCD": {
      "file": "chunk-BNRPRLCD.js"
    },
    "chunk-7UTPIIAZ": {
      "file": "chunk-7UTPIIAZ.js"
    },
    "chunk-TE4VAORJ": {
      "file": "chunk-TE4VAORJ.js"
    },
    "chunk-QIPBRRD3": {
      "file": "chunk-QIPBRRD3.js"
    },
    "chunk-32TI4LNT": {
      "file": "chunk-32TI4LNT.js"
    },
    "chunk-U6I34UVP": {
      "file": "chunk-U6I34UVP.js"
    },
    "chunk-PWAFZKEO": {
      "file": "chunk-PWAFZKEO.js"
    },
    "chunk-GJQTEJFD": {
      "file": "chunk-GJQTEJFD.js"
    },
    "chunk-VNTQ4EAT": {
      "file": "chunk-VNTQ4EAT.js"
    },
    "chunk-I6E2BGJI": {
      "file": "chunk-I6E2BGJI.js"
    },
    "chunk-J3LVLDJS": {
      "file": "chunk-J3LVLDJS.js"
    },
    "chunk-F4SQN7R3": {
      "file": "chunk-F4SQN7R3.js"
    },
    "chunk-XLICBEWG": {
      "file": "chunk-XLICBEWG.js"
    },
    "chunk-CDH3F5VA": {
      "file": "chunk-CDH3F5VA.js"
    },
    "chunk-D6ZOUBMM": {
      "file": "chunk-D6ZOUBMM.js"
    },
    "chunk-SB3PADO7": {
      "file": "chunk-SB3PADO7.js"
    },
    "chunk-OGOOUMV7": {
      "file": "chunk-OGOOUMV7.js"
    },
    "chunk-D6A7BPUU": {
      "file": "chunk-D6A7BPUU.js"
    },
    "chunk-HPDQVLCV": {
      "file": "chunk-HPDQVLCV.js"
    },
    "chunk-I2SI46AA": {
      "file": "chunk-I2SI46AA.js"
    },
    "chunk-EIB7IA3J": {
      "file": "chunk-EIB7IA3J.js"
    }
  }
}